1,1,1,3.5,0,3.0,0,0,0,7,0,1,1,7,765,3.43,2,0,0,3.29,99,21,38
1,1,1,4.0,0,3.0,10,20,20,7,1,0,2,9,544,3.78,2,1,1,3.33,140,48,69
1,1,0,5.0,0,4.0,0,0,0,5,0,0,4,5,489,5,0,0,0,3.8,9,2,1
1,1,1,5.0,0,2.0,0,0,0,4,0,0,3,4,459,4.75,0,0,0,3.75,11,1,1
1,1,1,2.0,0,2.0,0,0,0,4,0,0,0,4,573,2.25,1,0,0,3.25,66,10,18
1,1,0,4.5,0,3.0,0,0,0,3,0,0,1,4,529,4.75,0,0,0,3.5,29,6,9
0,1,1,4.0,0,2.0,0,0,0,4,2,0,0,4,355,3.75,0,0,0,3,1296,845,678
1,1,1,4.0,0,4.0,3,6,6,14,0,0,1,14,819,4.21,1,0,0,3.14,13,3,2
1,1,1,4.0,0,3.0,0,0,0,9,1,0,1,7,776,4,1,0,0,3.43,140,47,53
1,1,1,2.0,0,4.0,13,26,26,5,2,0,2,5,781,2.2,1,0,0,3,325,100,132
1,1,1,3.5,0,2.0,41,82,82,16,5,0,0,11,543,3.36,0,0,0,3.18,809,529,413
0,1,1,4.0,0,2.0,13,26,26,4,1,0,0,4,1899,4,1,1,0,3.25,388,140,124
1,1,1,4.0,0,3.0,33,66,66,50,7,2,8,44,484,3.82,1,0,0,3.16,259,144,150
1,1,1,3.5,0,2.0,0,0,0,9,2,1,2,7,631,3.86,0,0,0,3.29,180,68,84
1,1,1,2.0,0,4.0,9,18,18,9,0,0,3,8,616,1.88,0,0,0,3.12,7,2,2
1,1,1,3.5,0,6.0,39,78,78,18,4,0,1,16,882,3.38,2,1,2,3,401,252,271
0,1,1,4.5,0,2.0,0,0,0,3,0,0,0,2,167,3.5,1,0,0,4,24,3,4
1,1,1,4.0,0,4.0,10,20,20,24,2,0,4,22,612,3.86,1,0,0,3.36,160,85,105
1,1,1,4.5,0,3.0,0,0,0,4,0,0,1,3,1012,4,0,0,0,2.67,13,2,1
1,1,1,3.5,0,2.0,5,10,10,7,1,0,0,6,665,3.83,1,0,0,3.33,90,19,31
0,1,1,3.5,0,3.0,0,0,0,3,1,0,0,3,293,3.33,0,0,0,3,1475,1048,795
0,1,1,3.5,0,3.0,9,18,18,15,2,0,0,16,773,3.31,0,0,0,3.19,123,33,37
1,1,1,5.0,0,6.0,0,0,0,3,0,0,1,2,683,5,1,0,0,3.5,15,8,2
1,1,1,3.5,0,4.0,56,112,112,22,7,0,3,21,737,3.48,0,0,0,2.95,476,244,214
1,1,1,5.0,0,3.0,0,0,0,5,0,0,0,4,277,5,1,0,0,3.75,48,9,12
1,1,1,4.0,0,4.0,25,50,50,16,2,0,3,17,490,4,1,0,0,3.06,79,26,45
1,1,1,5.0,0,2.0,0,0,0,4,0,0,1,4,920,5,1,0,0,4,87,19,82
1,1,1,2.5,0,2.0,0,0,0,3,0,0,0,2,302,3,1,1,0,3,5,2,20
1,1,1,3.5,0,3.0,0,0,0,3,0,1,1,3,294,3.67,1,0,0,3.33,88,16,16
1,1,1,4.0,0,3.0,14,28,28,4,0,0,0,2,323,4.5,2,0,0,3.5,147,41,44
1,1,1,4.0,0,3.0,20,40,40,10,3,0,1,10,629,4.1,2,1,1,3,861,623,572
1,1,1,4.0,0,3.0,0,0,0,5,0,0,2,5,318,4.2,0,0,0,3.4,19,4,3
1,1,1,3.0,0,4.0,17,34,34,24,3,0,4,20,555,2.85,1,0,1,2.9,308,192,166
1,1,1,4.5,0,0.0,0,0,0,10,2,0,5,10,524,4.7,1,0,0,3.6,173,63,56
1,1,1,3.0,0,0.0,18,36,36,6,1,0,1,5,416,2.8,0,0,0,3,46,18,8
0,1,1,3.5,0,1.0,0,0,0,3,3,0,0,3,418,3.33,1,1,1,3,1409,1072,1148
1,1,1,4.0,0,1.0,0,0,0,10,1,0,0,10,904,3.8,2,1,1,3.6,152,49,57
1,1,1,4.0,0,0.0,68,136,136,49,22,0,2,43,1009,4.3,3,2,1,3.23,748,482,439
1,1,1,5.0,0,1.0,9,18,18,11,3,1,3,10,408,4.9,1,0,0,3.4,1164,941,781
1,1,1,4.5,0,0.0,0,0,0,4,0,0,2,3,319,5,0,0,0,3.67,69,7,7
1,1,1,3.5,0,0.0,18,36,36,32,8,1,6,30,513,3.5,1,0,0,3.1,463,294,280
1,1,1,3.0,0,0.0,46,92,92,28,6,1,9,27,496,2.81,0,0,0,3.15,251,163,170
1,1,1,3.5,0,1.0,0,0,0,7,1,0,1,6,908,4,1,0,0,2.83,59,15,13
1,1,1,3.5,0,1.0,8,16,16,11,0,0,2,11,542,3.64,1,0,0,3.73,38,8,6
1,1,1,2.5,0,1.0,0,0,0,10,1,1,6,10,1069,2.3,2,0,0,2.8,72,19,43
1,1,1,3.5,0,0.0,11,22,22,17,1,0,2,17,478,3.59,0,0,0,3.18,188,98,92
1,1,1,3.5,0,0.0,0,0,0,3,2,0,0,3,480,3.67,0,0,0,3.33,928,354,307
1,1,1,3.0,0,0.0,31,62,62,20,10,0,1,19,592,3.21,1,1,1,2.89,414,209,184
1,1,1,4.5,0,0.0,67,134,134,9,3,0,3,8,541,4.12,1,0,0,3.38,392,139,148
1,1,1,2.0,0,0.0,0,0,0,3,1,0,0,2,396,2.5,1,1,1,3.5,280,131,129
1,1,1,1.0,0,3.0,0,0,0,3,0,0,1,2,561,1,0,0,0,2,8,3,3
1,1,1,3.5,0,0.0,29,58,58,43,12,1,8,40,664,3.58,1,0,0,3.17,236,112,87
1,1,0,2.0,0,1.0,9,18,18,8,1,1,5,8,945,1.62,1,0,0,2.25,113,36,62
1,1,1,3.0,0,0.0,5,10,10,8,4,0,1,8,904,2.75,1,0,0,3,198,99,73
1,1,1,4.0,0,1.0,23,46,46,28,6,2,3,28,618,4.32,1,0,0,3.32,238,149,152
1,1,1,2.0,0,0.0,0,0,0,6,4,0,0,5,531,2.4,2,1,1,3.2,723,507,788
0,1,1,3.5,0,0.0,5,10,10,3,2,0,0,3,368,3.67,0,0,0,3.33,288,114,92
0,1,1,4.0,0,0.0,0,0,0,7,0,0,0,3,476,4,0,0,0,3,424,204,136
1,1,1,3.0,0,0.0,0,0,0,4,0,0,1,4,595,2.75,1,0,0,3.75,29,7,7
1,1,1,3.0,0,0.0,5,10,10,3,0,0,1,3,194,3,0,0,0,2.67,140,48,41
0,1,1,3.5,0,1.0,0,0,0,3,2,0,0,3,475,3.67,0,0,1,3.33,303,172,140
1,1,1,4.0,0,0.0,46,92,92,79,22,0,14,68,456,4.01,1,0,0,3.22,398,236,214
1,1,1,4.0,0,0.0,0,0,0,6,5,0,0,6,534,4,0,1,0,2.83,603,297,309
0,1,1,3.0,0,1.0,12,24,24,61,11,0,0,61,1136,3.15,1,0,0,3.02,401,242,212
1,1,1,3.0,0,0.0,0,0,0,5,3,0,0,5,257,3,1,0,0,3,974,656,514
1,1,1,4.0,0,0.0,4,8,8,10,2,0,1,10,1015,3.9,1,0,0,2.9,469,313,247
1,1,1,3.5,0,0.0,33,66,66,57,9,1,11,51,488,3.73,1,0,0,3.22,194,110,113
1,1,1,4.0,0,1.0,6,12,12,8,2,0,0,9,469,3.78,0,0,0,3.22,239,91,125
0,1,1,3.5,0,0.0,16,32,32,31,6,0,1,33,618,3.3,1,0,1,3.06,233,120,135
1,1,1,2.5,0,0.0,0,0,0,5,2,0,0,5,843,2.4,3,2,2,3.2,847,641,672
1,1,1,3.5,0,1.0,16,32,32,10,0,2,4,8,442,3.62,0,0,0,3.5,117,25,29
1,1,1,4.0,0,4.0,0,0,0,8,1,1,2,7,582,4.43,1,0,0,3.43,607,429,343
0,1,1,3.0,0,0.0,0,0,0,14,4,0,0,12,489,2.92,1,0,1,2.92,495,299,203
1,1,1,3.0,0,2.0,3,6,6,4,0,0,0,2,550,4,1,0,0,3.5,15,3,3
1,1,1,3.5,0,0.0,17,34,34,28,5,0,6,25,790,3.52,1,0,0,3.12,240,144,121
1,1,1,3.0,0,2.0,0,0,0,4,0,0,3,3,417,3.67,0,0,0,3,26,5,9
1,1,0,3.0,0,1.0,0,0,0,3,1,0,0,2,828,2,1,0,1,2,311,127,200
1,1,1,2.0,0,1.0,0,0,0,4,0,0,1,2,764,3,1,1,1,3,50,9,12
1,1,1,4.5,0,1.0,8,16,16,8,2,0,1,7,558,4.57,1,0,0,3.57,210,71,64
1,1,1,4.0,0,0.0,0,0,0,9,0,0,3,10,791,4.1,1,0,0,3.1,24,4,3
1,1,1,3.0,0,1.0,29,58,58,50,9,0,8,45,653,2.98,1,0,0,3.16,260,142,144
1,1,1,3.5,0,2.0,23,46,46,35,9,0,3,31,539,3.52,1,0,0,3.23,224,101,103
1,1,1,5.0,0,4.0,0,0,0,4,0,0,2,4,212,5,0,0,0,3.75,23,3,8
1,1,1,3.0,0,3.0,49,98,98,30,5,1,9,27,705,3.04,1,0,0,3.15,118,42,56
1,1,1,4.0,0,1.0,6,12,12,14,6,0,3,14,711,3.79,1,1,1,3.21,1079,770,666
1,1,1,4.0,0,1.0,5,10,10,5,2,0,3,5,363,3.8,0,0,0,3.8,148,47,39
0,1,1,2.5,0,1.0,0,0,0,4,2,0,0,3,489,3,1,0,0,3.33,1574,1100,870
1,1,1,4.5,0,1.0,0,0,0,4,1,0,0,4,279,4.5,1,0,0,3.5,1055,757,590
1,1,1,5.0,0,3.0,8,16,16,20,4,1,4,17,424,4.76,1,0,0,3.53,125,44,54
1,1,1,3.5,0,2.0,19,38,38,33,4,0,8,29,784,3.48,1,0,1,3.24,115,38,44
1,1,1,4.5,0,1.0,0,0,0,8,0,0,3,7,475,4.43,1,1,0,3.57,11,3,2
1,1,1,4.0,0,1.0,9,18,18,16,1,0,5,15,677,4.2,1,0,0,3.6,88,33,43
1,1,1,5.0,0,3.0,31,62,62,4,0,0,1,4,339,4.75,1,0,0,3,88,12,28
1,1,1,4.0,0,2.0,0,0,0,12,0,0,4,10,789,3.8,1,0,0,3.4,44,6,10
1,1,1,4.5,0,1.0,0,0,0,6,0,0,1,6,484,4.67,1,0,0,3.5,23,4,3
1,1,1,3.5,0,1.0,0,0,0,3,0,0,0,3,718,3.33,1,0,0,3,8,1,0
1,1,1,4.0,0,3.0,16,32,32,8,4,0,3,6,408,3.83,1,0,0,3,451,202,264
1,1,1,4.0,0,2.0,37,74,74,50,6,0,9,47,645,4.09,1,0,1,3.23,366,240,220
1,1,1,5.0,0,1.0,0,0,0,3,0,0,1,2,319,5,0,0,0,4,39,7,14
1,1,1,2.5,0,1.0,4,8,8,14,2,0,4,13,665,2.15,1,0,1,2.69,335,250,269
1,1,1,3.5,0,2.0,8,16,16,7,1,0,0,7,443,3.29,1,0,1,3.29,123,47,47
1,1,1,4.5,0,1.0,0,0,0,3,0,0,0,2,172,4.5,0,0,0,3,30,4,6
1,1,1,2.5,0,3.0,0,0,0,8,0,0,5,7,647,2.71,1,0,0,2.71,70,19,35
1,1,1,4.5,0,1.0,0,0,0,12,1,0,2,11,501,4.64,1,0,1,3.73,382,282,290
1,1,1,3.0,0,2.0,30,60,60,46,10,0,4,44,669,2.91,1,0,0,3.05,344,199,171
0,1,1,3.0,0,2.0,9,18,18,15,3,0,1,16,529,2.94,0,0,0,3.19,204,55,69
0,1,1,4.0,0,2.0,9,18,18,41,5,0,0,42,781,3.83,2,1,0,3.4,249,156,132
1,1,1,3.0,0,1.0,29,58,58,14,3,1,4,16,930,2.69,1,0,0,3.12,229,76,98
1,1,1,5.0,0,1.0,0,0,0,4,0,0,2,4,253,5,0,0,0,4.25,13,6,10
0,1,1,3.0,0,2.0,3,6,6,13,3,0,1,12,855,2.92,2,2,2,3.33,664,526,536
1,1,1,3.5,0,1.0,23,46,46,34,5,0,8,33,587,3.52,1,0,0,3.03,397,283,230
1,1,0,4.0,0,1.0,23,46,46,55,8,3,12,52,563,3.94,1,0,0,3.25,345,222,204
1,1,1,3.5,0,1.0,11,22,22,7,3,0,4,7,734,3.57,2,1,2,3.29,803,559,551
1,1,1,4.0,0,0.0,83,166,166,84,23,0,16,80,485,3.79,1,0,0,3.25,399,229,210
1,1,1,3.5,0,3.0,35,70,70,54,9,2,9,49,442,3.51,1,0,0,3.1,171,59,64
1,1,1,3.5,0,1.0,10,20,20,22,5,1,2,20,419,3.35,0,0,0,3.25,350,208,167
1,1,1,4.0,0,1.0,9,18,18,6,2,0,1,5,557,4,2,2,1,3.6,1848,1383,1194
1,1,1,5.0,0,1.0,3,6,6,6,1,0,0,6,188,5,1,0,0,4,107,43,67
0,1,1,4.0,0,1.0,0,0,0,3,1,0,0,3,137,4,1,2,2,3,552,319,320
0,1,1,4.5,0,1.0,0,0,0,4,1,0,0,4,362,4.5,1,0,0,3.5,198,91,69
0,1,1,2.5,0,1.0,0,0,0,7,1,0,0,6,498,2.67,1,1,1,3,723,532,563
1,1,0,3.5,0,3.0,0,0,0,5,0,0,4,5,763,3.4,0,0,0,2.8,10,0,2
0,1,1,3.5,0,1.0,0,0,0,3,0,0,0,2,346,3,1,0,0,2,48,8,10
1,1,1,2.5,0,2.0,21,42,42,9,2,0,3,7,819,2.43,1,0,0,3.29,243,62,72
1,1,1,2.0,0,4.0,0,0,0,13,2,0,3,13,502,2.31,1,0,0,2.69,90,24,31
1,1,1,4.0,0,1.0,38,76,76,29,7,0,4,27,569,3.96,1,1,0,3.22,288,128,107
1,1,1,5.0,0,1.0,0,0,0,4,0,0,1,4,263,4.75,0,0,0,3.25,75,31,25
0,1,1,3.5,0,2.0,0,0,0,5,1,0,0,5,720,3.6,1,0,0,2.8,953,648,501
1,1,1,4.5,0,2.0,18,36,36,7,3,0,1,7,441,4.57,1,1,1,3.29,1204,889,824
1,1,1,3.5,0,0.0,45,90,90,40,5,0,8,33,395,3.55,1,0,0,3.3,201,88,74
1,1,1,4.5,0,3.0,4,8,8,5,0,0,1,6,722,4.67,1,0,0,3.83,19,3,3
0,1,1,3.0,0,3.0,0,0,0,16,4,0,0,16,819,2.81,1,1,1,2.94,454,257,263
1,1,1,3.0,0,0.0,51,102,102,48,13,0,2,42,590,3.21,1,0,0,3.1,238,105,107
1,1,1,5.0,0,2.0,0,0,0,8,0,0,2,7,551,4.86,1,0,0,3.43,10,2,1
1,1,1,2.5,0,2.0,19,38,38,14,1,0,4,12,464,2.67,0,1,1,3.08,109,47,47
1,1,1,4.0,0,2.0,23,46,46,39,9,2,7,38,659,3.92,1,0,0,3.11,305,177,164
0,1,1,4.0,0,0.0,11,22,22,19,3,0,0,17,584,4.12,1,0,0,3.18,416,258,270
1,1,1,4.0,0,1.0,6,12,12,17,5,0,0,15,649,3.73,1,0,0,3.4,530,272,266
1,1,1,5.0,0,1.0,39,78,78,9,3,0,3,9,352,4.89,1,0,0,3.44,149,49,44
1,1,1,2.5,0,1.0,0,0,0,3,0,0,0,1,449,2,1,1,0,3,7,1,1
1,1,1,2.5,0,3.0,19,38,38,13,5,0,2,13,368,2.85,1,0,0,3,287,128,140
1,1,1,1.5,0,1.0,0,0,0,4,0,1,1,4,499,1.5,2,0,0,2.25,37,7,17
1,1,1,4.5,0,1.0,51,102,102,30,5,0,6,23,721,4.57,1,0,0,3.35,145,52,58
1,1,1,5.0,0,4.0,0,0,0,13,1,1,6,13,488,4.77,0,0,0,3.54,93,27,41
1,1,1,4.5,0,2.0,12,24,24,14,4,0,0,11,595,4.55,1,0,0,3.09,565,368,349
1,1,1,4.5,0,1.0,13,26,26,7,5,0,1,7,746,4.57,0,0,0,3.14,488,240,192
1,1,1,5.0,0,1.0,0,0,0,7,1,0,2,8,558,5,0,0,0,3.88,95,20,20
1,1,1,3.5,0,4.0,68,136,136,18,4,0,3,14,395,3.21,1,0,0,2.93,233,83,75
1,1,1,3.5,0,3.0,14,28,28,13,2,0,7,10,439,3.8,1,0,0,3.6,410,219,157
1,1,1,3.5,0,1.0,3,6,6,14,2,1,3,11,384,3.45,1,0,0,3.45,173,77,59
1,1,1,3.5,0,2.0,21,42,42,17,7,0,3,15,335,3.47,0,0,0,3.2,306,135,110
1,1,1,3.5,0,1.0,7,14,14,18,5,0,5,16,614,3.75,2,2,2,3.25,551,387,275
0,1,1,4.5,0,1.0,0,0,0,10,1,0,2,9,722,4.67,1,0,0,3.56,35,9,8
1,1,1,3.0,0,1.0,11,22,22,4,4,0,1,5,1526,3,1,1,1,3.2,583,216,219
1,1,1,1.0,0,3.0,0,0,0,3,0,0,2,3,902,1,1,0,0,2.33,16,4,3
1,1,1,4.0,0,1.0,12,24,24,17,5,0,3,17,636,3.94,1,0,1,3.29,419,244,257
1,1,0,1.0,0,2.0,0,0,0,5,0,0,0,6,1220,1.17,4,0,0,3,135,38,44
1,1,1,3.5,0,4.0,3,6,6,5,1,0,1,4,346,3.5,2,0,0,3.25,141,27,44
1,1,1,4.5,0,1.0,0,0,0,9,3,0,1,9,890,4.44,1,1,1,3.44,468,355,370
1,1,1,2.5,0,2.0,24,48,48,11,0,1,6,10,295,2.8,0,0,0,2.8,33,10,13
1,1,1,3.0,0,3.0,11,22,22,4,2,0,1,4,762,3,1,0,0,2.5,560,214,365
1,1,1,2.5,0,4.0,0,0,0,9,1,0,3,9,1180,2.44,1,0,0,2.89,135,30,32
1,1,1,3.5,0,1.0,13,26,26,22,6,2,5,22,744,3.68,1,0,0,3.05,306,132,130
0,1,1,2.5,0,1.0,0,0,0,10,1,0,0,9,444,2.44,1,0,1,3.22,74,36,42
1,1,1,3.0,0,3.0,31,62,62,7,1,1,2,8,483,3.12,0,0,0,2.75,122,30,33
1,1,1,3.5,0,2.0,0,0,0,6,0,0,2,6,1392,3.5,1,0,0,3.17,120,35,55
1,1,1,2.0,0,3.0,0,0,0,11,3,1,4,10,617,2.2,1,1,2,2.7,562,453,489
1,1,1,3.5,0,1.0,0,0,0,12,2,0,1,11,619,3.73,1,0,0,3.18,126,34,37
0,1,1,4.5,0,1.0,0,0,0,4,2,0,0,4,671,4.5,1,0,0,3,168,51,84
1,1,1,3.5,0,1.0,0,0,0,7,0,0,2,7,462,3.43,0,0,0,3.43,17,2,3
1,1,1,4.0,0,1.0,86,172,172,93,18,4,20,88,601,3.89,1,0,1,3.32,382,260,241
1,1,1,3.0,0,3.0,6,12,12,8,3,0,1,7,333,2.86,0,0,0,3,207,67,70
1,1,1,2.0,0,0.0,0,0,0,5,0,0,4,5,1184,2.2,0,0,0,2,31,5,2
1,1,1,3.0,0,2.0,13,26,26,40,6,1,5,38,548,3.26,1,0,1,3.13,297,191,209
1,1,1,3.5,0,2.0,0,0,0,8,0,0,0,8,639,3.25,0,0,0,3.25,67,15,24
1,1,1,3.0,0,1.0,32,64,64,12,1,0,8,12,359,2.92,1,0,0,2.92,146,38,53
1,1,1,4.0,0,2.0,54,108,108,137,13,5,38,123,550,4.14,0,0,0,3.32,126,60,56
1,1,1,3.0,0,2.0,9,18,18,26,2,0,3,24,915,3.12,2,1,1,2.79,303,170,179
1,1,1,1.0,0,2.0,0,0,0,3,1,0,0,4,382,1.25,1,0,1,3.25,287,55,100
1,1,1,3.0,0,3.0,7,14,14,8,2,0,1,8,606,3,0,0,0,3.38,242,123,173
1,1,1,3.0,0,0.0,0,0,0,3,0,0,0,3,386,3,0,0,0,2.67,29,10,32
1,1,1,3.5,0,2.0,9,18,18,6,2,0,2,6,590,3.5,1,1,1,3.17,736,552,595
0,1,1,3.0,0,0.0,0,0,0,11,6,0,0,11,530,3.18,1,0,1,3.18,642,413,403
1,1,1,2.0,0,1.0,9,18,18,10,3,0,6,9,613,2.11,0,0,1,3.33,181,109,191
1,1,1,3.5,0,0.0,33,66,66,25,7,0,2,24,831,3.38,1,0,0,3.33,364,201,212
0,1,1,1.5,0,0.0,0,0,0,3,1,0,0,3,435,1.33,0,0,1,3,151,52,96
1,1,1,5.0,0,0.0,4,8,8,50,12,0,2,45,508,4.78,1,0,0,3.13,198,103,125
1,1,1,4.5,0,0.0,5,10,10,10,1,0,1,8,480,4.38,0,0,0,3.5,142,54,41
1,1,1,4.0,0,0.0,0,0,0,16,0,0,0,12,566,4.25,1,0,0,3.58,73,26,19
1,1,1,3.5,0,1.0,0,0,0,3,0,0,0,2,628,3.5,2,0,0,3,57,13,19
1,1,1,3.0,0,0.0,40,80,80,25,9,2,9,23,519,2.78,1,0,0,3.22,119,53,61
1,1,1,3.5,0,3.0,0,0,0,3,0,0,0,2,226,3,1,0,0,3,143,54,30
1,1,1,2.5,0,1.0,0,0,0,19,1,1,3,16,985,2.31,3,0,0,3.12,112,25,36
0,1,1,2.0,0,0.0,10,20,20,15,4,0,0,12,433,2.08,1,0,1,3.17,438,223,227
1,1,1,3.5,0,2.0,21,42,42,46,7,1,8,40,632,3.55,1,0,0,3,189,75,70
1,1,1,3.5,0,2.0,19,38,38,16,7,0,2,11,865,3.36,0,0,0,2.91,483,207,159
1,1,1,4.0,0,1.0,18,36,36,19,5,1,3,18,583,3.89,1,0,0,3.11,288,139,145
1,1,1,3.0,0,1.0,35,70,70,34,10,0,6,28,587,3.14,2,0,1,3.14,388,230,235
1,1,1,4.0,0,1.0,76,152,152,65,13,2,10,60,664,3.9,1,0,0,3.18,279,175,163
1,1,1,4.0,0,1.0,48,96,96,65,17,1,10,58,407,3.97,0,0,0,3.29,258,142,138
1,1,1,5.0,0,1.0,0,0,0,8,0,0,4,7,274,4.71,0,0,0,4.29,1,0,1
1,1,1,4.0,0,1.0,43,86,86,101,10,1,19,92,595,3.91,1,0,0,3.4,115,54,46
1,1,1,3.5,0,1.0,60,120,120,175,26,6,29,156,730,3.58,1,0,0,3.19,246,153,130
1,1,1,3.5,0,0.0,28,56,56,29,2,1,8,23,659,3.35,1,0,0,3.39,123,39,29
1,1,1,2.5,0,3.0,0,0,0,6,0,0,2,5,365,2.8,1,0,0,3,46,7,12
1,1,1,2.0,0,3.0,8,16,16,14,5,1,5,12,577,1.83,2,0,2,3.17,377,224,262
1,1,1,2.5,0,3.0,7,14,14,7,0,0,2,6,664,2.5,1,0,0,2.67,88,27,35
1,1,1,3.5,0,4.0,0,0,0,3,0,0,1,3,693,3.33,0,0,0,2.33,7,1,3
1,1,1,1.0,0,3.0,0,0,0,3,0,0,1,3,395,1,2,0,0,1.67,10,1,3
1,1,1,3.5,0,3.0,15,30,30,5,3,0,2,5,545,3.4,1,0,1,2.8,394,221,281
1,1,0,3.0,0,3.0,0,0,0,5,0,0,0,4,901,3,2,0,0,3,19,7,5
1,1,1,3.0,0,3.0,22,44,44,28,4,0,6,26,633,2.88,1,0,0,3.12,143,53,46
1,1,1,4.5,0,3.0,12,24,24,4,2,0,3,4,380,4.5,0,0,0,3,186,50,45
1,1,1,3.5,0,5.0,9,18,18,5,2,0,1,5,420,3.4,1,1,1,3.2,698,494,390
1,1,1,3.5,0,6.0,4,8,8,6,4,0,2,6,513,3.33,2,1,1,3.5,363,151,188
1,1,1,3.0,0,5.0,0,0,0,3,0,0,0,3,230,3,0,0,0,3,140,35,50
1,1,1,4.5,0,2.0,71,142,142,165,39,0,27,148,470,4.27,1,0,0,3.25,341,188,171
1,1,1,2.0,0,5.0,0,0,0,7,1,0,3,6,550,1.67,1,0,0,2.5,59,8,15
1,1,1,3.0,0,5.0,11,22,22,9,0,1,3,9,514,3,1,0,0,2.89,48,17,10
1,1,1,3.5,0,5.0,0,0,0,4,1,0,0,4,692,3.25,1,1,2,2.75,201,87,140
1,1,1,3.0,0,0.0,41,82,82,9,1,0,3,8,323,3,1,0,0,2.62,591,398,320
1,1,1,3.0,0,1.0,27,54,54,31,8,1,2,30,731,3.2,2,1,2,3.07,513,335,283
1,1,1,3.0,0,3.0,21,42,42,21,3,0,8,20,488,3.35,1,0,0,2.9,191,93,118
1,1,1,3.0,0,1.0,0,0,0,11,1,0,0,10,968,3.4,2,1,1,2.7,427,301,240
1,1,1,2.0,0,0.0,0,0,0,4,0,0,1,3,505,1.67,0,0,0,3,37,7,7
1,1,1,4.0,0,2.0,80,160,160,190,39,5,37,169,630,3.86,1,0,0,3.21,292,182,157
1,1,1,4.5,0,2.0,0,0,0,8,0,0,1,7,295,4.43,0,0,0,3.14,52,5,16
1,1,1,2.5,0,1.0,29,58,58,26,4,0,3,20,612,2.45,1,0,1,3.15,412,237,234
1,1,1,3.0,0,3.0,0,0,0,4,0,0,0,3,335,3.67,1,0,1,3,12,1,8
1,1,1,4.0,0,1.0,19,38,38,21,7,0,4,19,347,3.95,1,0,0,3.16,416,242,283
1,1,1,4.0,0,1.0,17,34,34,25,2,0,5,24,419,3.83,1,0,0,3.08,206,106,103
1,1,1,3.5,0,2.0,39,78,78,69,13,1,14,64,678,3.38,1,0,0,3.09,305,198,169
1,1,1,4.5,0,1.0,0,0,0,3,1,0,0,2,766,4.5,0,0,0,3,1989,1480,1159
1,1,1,3.0,0,2.0,28,56,56,16,4,0,5,14,673,2.79,1,0,0,3.07,125,53,33
1,1,1,3.0,0,1.0,11,22,22,8,3,0,1,8,810,2.88,1,0,0,3.12,721,488,492
1,1,1,3.0,0,0.0,4,8,8,8,5,0,0,10,911,2.9,1,0,1,2.9,977,630,533
1,1,1,5.0,0,1.0,57,114,114,24,5,0,5,19,498,4.84,1,1,0,3.63,630,416,332
1,1,0,3.5,0,1.0,8,16,16,9,3,0,0,9,817,3.44,1,0,0,3.33,527,356,287
1,1,1,3.5,0,1.0,35,70,70,14,6,0,3,11,733,3.55,1,0,0,3.09,1036,660,524
1,1,1,4.0,0,1.0,4,8,8,5,1,0,1,5,546,3.8,1,0,0,2.8,799,594,465
1,1,0,3.0,0,3.0,0,0,0,4,1,0,2,4,545,3,0,0,0,2.75,34,7,15
1,1,1,3.5,0,1.0,78,156,156,37,6,0,5,33,573,3.67,0,0,1,3.24,298,208,196
0,1,1,4.5,0,2.0,0,0,0,6,0,0,0,5,1040,4.2,1,0,0,3.2,10,4,5
1,1,1,4.5,0,2.0,0,0,0,9,0,0,4,8,394,4.75,1,0,0,3.62,37,6,9
1,1,1,3.0,0,2.0,0,0,0,6,1,0,3,6,670,3,2,0,0,3.5,783,519,410
0,1,1,3.0,0,2.0,0,0,0,5,1,0,0,6,213,2.5,0,0,0,3.33,409,199,149
1,1,1,3.5,0,2.0,18,36,36,16,6,0,3,16,688,3.31,1,1,1,3.06,745,510,487
0,1,1,3.5,0,1.0,0,0,0,9,4,0,0,10,489,3.4,1,0,0,3.3,876,629,575
0,1,1,4.5,0,1.0,0,0,0,7,3,0,0,7,423,4.29,2,1,0,3.14,145,54,49
1,1,1,3.5,0,1.0,18,36,36,55,6,2,9,48,723,3.62,1,0,0,3.31,335,217,191
1,1,1,3.0,0,2.0,17,34,34,7,1,0,0,5,425,3,0,0,1,3.2,862,617,482
1,1,1,4.0,0,2.0,25,50,50,11,2,0,3,9,854,3.89,1,0,0,2.89,574,364,294
1,1,1,3.5,0,2.0,29,58,58,61,4,0,12,60,482,3.58,0,0,0,3.18,144,74,67
1,1,1,2.5,0,4.0,12,24,24,33,6,0,3,32,1175,2.75,2,0,0,3.09,110,35,33
1,1,1,3.0,0,2.0,3,6,6,13,1,1,4,11,636,2.91,0,0,0,3.09,383,274,219
1,1,1,4.0,0,1.0,30,60,60,37,7,1,8,37,605,4.11,1,0,1,3.3,409,248,210
1,1,1,2.5,0,1.0,14,28,28,14,3,1,3,13,502,2.38,1,0,1,2.92,141,42,53
1,1,1,3.5,0,1.0,29,58,58,29,5,0,3,28,592,3.54,1,0,1,3.11,221,139,159
1,1,1,2.0,0,1.0,0,0,0,18,2,0,3,18,599,1.94,2,0,0,3,279,178,144
1,1,1,5.0,0,2.0,22,44,44,18,7,0,4,14,533,4.93,1,1,0,3.5,819,588,507
1,1,1,3.0,0,2.0,5,10,10,6,3,0,3,6,444,3.17,1,0,0,3,710,523,409
1,1,1,4.0,0,2.0,33,66,66,23,5,0,8,21,481,3.9,1,0,0,3.29,434,251,232
1,1,1,3.5,0,1.0,40,80,80,72,7,0,10,65,870,3.62,1,0,1,3.15,266,156,163
1,1,1,3.5,0,1.0,16,32,32,4,2,0,0,4,220,3.25,0,0,1,3,344,183,245
0,1,1,3.5,0,2.0,7,14,14,20,4,0,2,19,673,3.16,2,1,1,3.26,379,256,210
1,1,1,5.0,0,1.0,10,20,20,4,0,0,4,4,476,4.75,0,0,0,3.5,10,3,3
1,1,0,4.5,0,1.0,0,0,0,8,1,0,1,7,661,4.43,1,0,0,3.14,162,46,67
1,1,1,3.5,0,1.0,56,112,112,71,12,1,14,70,595,3.4,1,0,1,3.11,269,159,170
1,1,1,4.0,0,2.0,23,46,46,73,11,1,11,67,602,4.18,1,0,0,3.36,270,167,139
1,1,1,3.0,0,1.0,7,14,14,17,3,0,4,16,398,3.06,0,0,0,3.25,118,55,63
1,1,1,1.0,0,3.0,0,0,0,4,0,0,1,4,465,1,1,0,1,2.25,24,3,11
1,1,1,4.0,0,4.0,3,6,6,16,3,0,3,14,943,3.86,1,0,0,3.36,343,234,196
0,1,1,2.5,0,2.0,0,0,0,4,1,0,0,3,1018,2.67,2,1,2,3.67,329,122,101
0,1,1,2.5,0,3.0,0,0,0,3,0,0,0,3,491,2.33,0,0,0,3,31,4,6
1,1,1,3.5,0,2.0,59,118,118,97,17,0,20,91,633,3.64,1,0,0,3.16,250,139,129
1,1,1,4.5,0,1.0,8,16,16,14,0,1,13,14,486,4.57,1,0,0,4.07,12,3,2
0,1,1,2.5,0,6.0,3,6,6,7,0,0,1,5,838,3.2,0,0,0,3,62,11,18
1,1,1,4.0,0,1.0,0,0,0,8,1,0,3,8,719,3.88,1,0,0,3.75,183,91,62
1,1,1,4.0,0,1.0,74,148,148,207,31,4,42,192,565,4.03,1,0,0,3.21,325,210,175
0,1,1,4.0,0,0.0,0,0,0,20,6,0,0,17,421,3.76,1,1,1,3.24,498,321,311
1,1,1,3.0,0,0.0,16,32,32,13,1,0,1,11,686,2.91,1,1,1,3.18,1322,984,700
0,1,1,4.0,0,2.0,6,12,12,44,15,0,0,39,472,3.69,1,1,1,3.15,876,589,491
1,1,1,2.5,0,1.0,0,0,0,13,0,1,7,13,583,2.62,0,0,0,3.08,992,761,532
1,1,1,4.0,0,1.0,52,104,104,64,13,0,15,58,580,4.19,1,0,0,3.41,355,233,210
1,1,0,4.0,0,0.0,5,10,10,23,8,1,4,17,549,3.94,1,1,1,3.12,1005,738,665
1,1,1,4.0,0,2.0,37,74,74,70,11,1,11,65,729,3.94,1,1,1,3.28,332,206,190
1,1,1,2.0,0,0.0,17,34,34,43,14,0,5,39,464,2.03,2,1,3,3.38,281,158,200
1,1,1,4.0,0,3.0,55,110,110,103,14,2,25,91,669,3.85,1,0,0,3.27,154,67,52
1,1,1,3.0,0,2.0,22,44,44,16,1,0,2,12,798,2.75,1,0,0,3.08,53,16,14
1,1,1,3.5,0,0.0,45,90,90,57,11,1,11,56,527,3.36,1,0,0,3.14,286,141,109
1,1,1,4.0,0,0.0,50,100,100,76,14,0,10,70,507,4.09,1,0,0,3.2,398,244,217
1,1,1,3.5,0,0.0,53,106,106,40,5,0,7,33,462,3.42,1,0,0,3.33,201,113,85
1,1,1,3.5,0,2.0,67,134,134,158,22,3,26,152,642,3.54,1,0,0,3.18,204,112,101
1,1,1,4.0,0,0.0,18,36,36,57,15,4,14,51,490,3.75,1,0,0,3.25,278,158,164
1,1,1,3.5,0,1.0,38,76,76,52,9,1,10,50,727,3.4,1,0,0,3.38,196,96,114
0,1,1,3.5,0,2.0,9,18,18,43,10,0,0,41,782,3.37,1,0,0,3.24,407,277,258
1,1,1,4.5,0,1.0,64,128,128,109,26,3,19,102,470,4.36,1,0,0,3.29,282,166,146
1,1,0,4.0,0,1.0,9,18,18,17,2,0,1,19,577,3.89,1,0,0,3.11,277,182,186
1,1,1,4.0,0,3.0,5,10,10,16,0,0,0,17,422,4.18,1,1,1,3.29,121,37,48
1,1,0,3.0,0,1.0,0,0,0,5,0,0,1,6,838,3.17,1,0,0,2.83,128,35,60
1,1,1,3.5,0,1.0,0,0,0,3,1,0,0,3,369,3.67,1,1,1,3.33,432,239,177
1,1,1,5.0,0,6.0,9,18,18,6,3,0,1,5,1275,5,1,1,0,3.2,259,94,122
1,1,1,3.5,0,2.0,27,54,54,25,8,0,4,16,882,3.81,1,0,0,3.25,992,645,357
1,1,1,2.0,0,1.0,4,8,8,4,1,0,2,4,787,1.75,0,0,0,3.25,128,35,30
1,1,0,3.5,0,0.0,0,0,0,3,2,0,0,3,521,3.67,1,0,0,3.33,254,78,73
1,1,1,4.5,0,1.0,18,36,36,42,7,1,7,33,503,4.48,1,0,0,3.36,176,69,73
1,1,1,4.5,0,2.0,15,30,30,15,7,0,0,16,716,4.25,1,0,0,3.44,286,115,122
0,1,1,4.5,0,2.0,6,12,12,6,1,0,0,5,853,4.6,2,0,0,3.2,111,28,37
0,1,1,2.0,0,1.0,0,0,0,6,2,0,0,6,376,2,1,0,1,3.17,258,81,115
1,1,1,4.5,0,2.0,33,66,66,26,5,3,5,24,494,4.67,0,0,0,3.46,146,59,73
1,1,1,4.0,0,2.0,53,106,106,103,16,2,19,98,451,3.83,1,0,0,3.18,240,148,140
1,1,1,2.5,0,2.0,52,104,104,52,11,2,10,47,550,2.57,1,1,1,3.06,483,326,290
0,1,1,2.5,0,4.0,0,0,0,3,0,0,0,3,1129,2.33,2,0,3,2.67,121,37,75
1,1,1,2.5,0,2.0,8,16,16,13,4,0,0,11,803,2.55,2,1,2,3.18,321,129,131
1,1,1,3.5,0,1.0,61,122,122,85,18,1,23,80,490,3.52,1,1,1,3.27,218,118,100
1,1,1,5.0,0,1.0,0,0,0,4,1,0,0,4,262,4.75,0,0,0,4,76,27,25
1,1,1,3.0,0,0.0,38,76,76,73,17,2,15,68,792,2.85,1,0,0,2.99,387,234,209
1,1,1,5.0,0,1.0,30,60,60,4,3,0,1,4,1003,4.75,3,2,2,3.5,1002,799,829
1,1,1,4.5,0,4.0,0,0,0,10,2,1,1,10,989,4.5,1,0,0,3.2,143,45,69
1,1,1,4.5,0,5.0,0,0,0,10,1,0,1,9,798,4.56,1,0,0,4,94,21,29
1,1,1,4.0,0,0.0,42,84,84,25,5,1,6,23,340,4.17,0,0,0,3.43,471,319,277
1,1,1,5.0,0,1.0,0,0,0,6,0,0,0,6,457,5,0,0,0,3.33,18,5,4
1,1,1,2.5,0,0.0,11,22,22,22,1,1,4,21,640,2.52,1,0,0,2.86,168,89,79
1,1,1,2.5,0,3.0,58,116,116,13,4,0,3,12,466,2.58,1,0,0,2.92,440,283,291
1,1,1,4.0,0,1.0,37,74,74,55,5,1,13,49,516,4.14,0,0,0,3.31,128,53,49
0,1,1,2.5,0,1.0,0,0,0,8,0,0,0,8,457,2.62,1,0,0,3.38,197,77,54
1,1,1,3.0,0,1.0,24,48,48,23,1,1,7,22,610,3.05,1,0,0,3,65,20,21
0,1,1,3.5,0,3.0,0,0,0,3,0,0,0,3,392,3.33,1,0,0,3.67,147,40,47
1,1,1,3.0,0,2.0,39,78,78,27,5,1,8,26,498,2.85,1,0,0,3,188,81,83
1,1,1,4.0,0,2.0,9,18,18,42,3,0,10,40,602,4.2,1,0,0,3.33,156,92,76
1,1,1,4.0,0,2.0,34,68,68,110,15,1,16,98,691,3.98,1,0,0,3.36,270,167,138
1,1,1,3.5,0,1.0,18,36,36,56,10,1,12,56,582,3.64,1,0,0,3.11,143,54,66
1,1,1,4.0,0,2.0,3,6,6,11,2,0,2,9,1141,3.89,2,0,0,3.56,79,25,29
1,1,1,5.0,0,1.0,30,60,60,7,2,0,0,7,265,5,1,0,0,3.57,196,85,56
1,1,1,3.0,0,0.0,0,0,0,8,2,0,0,8,870,2.88,1,0,0,3.12,461,293,184
1,1,1,4.5,0,1.0,0,0,0,19,2,0,2,17,546,4.47,1,0,0,3.18,278,196,202
1,1,1,3.0,0,1.0,20,40,40,24,4,0,13,25,803,2.88,1,0,0,3.04,121,42,41
0,1,1,3.5,0,1.0,0,0,0,26,10,0,0,25,597,3.44,1,0,0,2.96,445,244,236
1,1,1,3.5,0,1.0,85,170,170,137,19,0,33,117,768,3.75,1,0,0,3.28,167,79,81
1,1,1,4.0,0,2.0,8,16,16,21,6,0,1,20,791,4.3,1,0,0,3.2,328,137,145
1,1,1,3.0,0,0.0,43,86,86,24,8,0,4,23,544,3,1,0,0,3.04,441,244,173
1,1,1,3.0,0,1.0,12,24,24,6,3,0,1,7,548,3.14,1,0,0,3.29,164,83,63
0,1,1,3.5,0,1.0,16,32,32,32,4,0,1,31,769,3.42,1,0,0,3.29,88,27,40
1,1,1,4.5,0,3.0,0,0,0,4,1,0,0,2,289,5,1,1,0,3.5,311,134,131
1,1,1,3.5,0,3.0,29,58,58,56,7,0,8,49,749,3.39,1,0,0,3.1,341,227,186
1,1,1,5.0,0,2.0,6,12,12,18,4,0,3,18,503,4.89,1,1,0,3.61,210,77,84
1,1,1,3.5,0,0.0,70,140,140,46,10,1,14,44,555,3.45,1,0,0,3.27,244,130,134
1,1,1,3.0,0,1.0,40,80,80,60,8,1,14,51,548,3.06,1,0,0,3.14,208,113,123
1,1,1,4.0,0,2.0,44,88,88,81,9,1,14,76,686,4.07,1,0,0,3.22,187,90,95
1,1,1,4.0,0,1.0,8,16,16,10,2,0,1,10,555,4.2,1,0,0,3.4,234,110,85
1,1,1,3.0,0,1.0,35,70,70,32,9,1,3,29,573,3.1,1,0,1,3.14,388,240,208
0,1,1,4.0,0,0.0,0,0,0,5,0,0,0,4,606,4.25,0,0,1,3.5,261,125,86
1,1,0,1.5,0,1.0,7,14,14,6,0,0,0,6,536,1.67,1,0,0,3.33,40,8,11
1,1,1,4.0,0,0.0,0,0,0,9,2,0,0,8,371,4.12,1,0,0,3.5,521,392,401
1,1,1,4.0,0,2.0,39,78,78,71,7,2,11,64,723,3.72,1,0,0,3.27,159,80,67
0,1,1,3.5,0,1.0,0,0,0,9,3,0,0,9,945,3.11,1,1,0,3.33,658,423,439
1,1,1,3.0,0,2.0,33,66,66,29,4,0,4,28,602,3.14,0,0,0,3.21,176,49,54
0,1,1,3.0,0,6.0,0,0,0,14,4,0,0,11,903,3.09,1,0,0,3.36,204,83,96
1,1,1,2.0,0,1.0,0,0,0,7,0,0,0,5,573,2.6,2,0,1,3.2,95,24,32
0,1,1,4.5,0,2.0,0,0,0,3,1,0,0,3,490,4.33,0,0,0,3,263,77,106
1,1,1,2.5,0,0.0,0,0,0,3,1,0,0,3,568,2.67,0,0,0,2.67,214,93,77
1,1,1,2.5,0,0.0,0,0,0,5,1,0,0,5,737,2.4,1,0,2,3.2,112,41,44
1,1,1,2.5,0,1.0,0,0,0,8,4,0,0,7,758,2.14,1,1,2,3,771,407,289
1,1,1,4.5,0,0.0,5,10,10,12,1,0,2,10,587,4.5,1,0,0,3,151,64,43
1,1,1,2.5,0,0.0,20,40,40,33,8,1,5,30,371,2.8,2,0,0,2.93,131,60,55
1,1,1,4.5,0,2.0,36,72,72,13,9,0,2,12,445,4.5,2,2,1,3.58,1886,1354,1074
0,1,1,4.0,0,0.0,0,0,0,12,2,0,0,11,613,3.82,1,0,0,3.36,105,31,45
1,1,1,3.5,0,0.0,36,72,72,60,17,0,15,53,557,3.51,1,0,1,3.21,387,234,233
0,1,1,4.5,0,0.0,0,0,0,4,1,0,0,3,643,4.33,1,0,0,3.67,140,39,33
1,1,1,3.5,0,2.0,62,124,124,7,5,0,0,7,721,3.71,2,2,1,3.43,1435,1086,957
1,1,1,5.0,0,1.0,0,0,0,6,0,0,0,5,461,5,0,0,0,4.2,21,6,9
1,1,1,3.5,0,1.0,40,80,80,118,19,2,19,101,643,3.57,1,0,0,3.26,235,137,147
1,1,1,4.5,0,2.0,10,20,20,11,2,0,2,11,570,4.55,1,0,0,3.27,169,59,85
1,1,1,3.0,0,0.0,0,0,0,5,1,1,1,5,1283,2.8,1,0,1,3.4,117,35,28
0,1,1,3.0,0,0.0,0,0,0,4,0,0,0,3,585,3.67,1,1,0,3,393,185,122
0,1,1,2.5,0,0.0,24,48,48,11,2,0,0,11,605,2.45,0,0,0,3.45,184,74,50
0,1,1,4.0,0,2.0,7,14,14,25,7,0,0,24,712,3.92,1,1,0,3.12,364,222,251
0,1,1,3.5,0,1.0,0,0,0,4,0,0,0,4,784,3.5,1,0,0,3.25,94,27,32
1,1,1,4.5,0,2.0,17,34,34,22,7,0,3,19,924,4.26,1,0,0,3.26,269,121,101
0,1,1,3.0,0,2.0,0,0,0,4,0,0,1,4,661,2.75,3,0,0,2.5,111,18,32
1,1,1,4.0,0,0.0,64,128,128,90,10,1,16,78,500,4.1,1,0,0,3.31,83,33,37
0,1,1,2.5,0,2.0,0,0,0,3,0,0,0,3,2220,2.33,1,1,1,3,106,23,35
0,1,1,3.0,0,1.0,0,0,0,8,2,0,0,9,961,3.11,1,0,0,3.22,100,31,33
1,1,1,3.5,0,3.0,6,12,12,9,2,0,2,7,625,3.43,1,1,1,3.29,104,37,52
1,1,0,5.0,0,1.0,8,16,16,15,1,0,1,12,956,4.92,2,1,2,3.17,334,256,269
1,1,1,3.5,0,0.0,6,12,12,11,1,0,2,11,605,3.73,1,1,1,3.36,392,288,300
1,1,1,3.0,0,4.0,0,0,0,7,0,0,0,4,293,4,1,0,0,3.25,28,8,9
1,1,1,4.0,0,3.0,8,16,16,4,1,0,1,3,475,3.67,1,1,1,3,1231,1005,1056
1,1,1,3.0,0,0.0,24,48,48,35,5,0,12,33,629,3.18,1,0,1,3.06,211,144,146
1,1,1,3.5,0,4.0,28,56,56,21,7,0,4,20,589,3.45,1,0,1,3.15,210,81,69
0,1,1,3.5,0,1.0,25,50,50,62,9,0,3,58,694,3.62,1,0,0,3.1,241,118,122
1,1,1,3.0,0,1.0,7,14,14,8,0,0,0,7,530,3.71,1,1,1,3.29,54,20,23
1,1,1,2.5,0,1.0,10,20,20,5,1,0,0,5,481,2.6,1,0,0,2.6,69,19,16
1,1,1,3.0,0,2.0,10,20,20,5,2,0,2,5,354,2.8,2,0,0,2.2,2148,1453,491
1,1,1,2.0,0,2.0,47,94,94,14,2,0,6,13,540,2.23,1,1,1,2.77,335,251,256
1,1,1,4.5,0,2.0,47,94,94,35,7,1,9,28,740,4.43,1,0,0,3.21,283,195,164
1,1,1,2.5,0,4.0,56,112,112,12,3,1,6,13,708,2.62,1,0,1,2.92,200,60,77
1,1,1,2.5,0,2.0,48,96,96,46,6,1,16,42,686,2.79,1,0,0,2.98,146,49,44
0,1,1,3.0,0,0.0,10,20,20,22,2,0,0,22,629,3.32,0,0,0,3.36,102,51,49
1,1,1,4.0,0,3.0,19,38,38,9,2,0,3,8,358,3.75,0,0,0,3.38,1477,974,364
1,1,1,5.0,0,5.0,0,0,0,6,1,0,0,6,778,4.5,2,0,0,3.17,146,32,36
1,1,1,3.5,0,5.0,18,36,36,55,8,1,7,51,869,3.55,1,0,0,3.2,191,105,88
0,1,1,4.5,0,2.0,0,0,0,5,1,0,0,5,544,4.6,0,0,0,3,121,31,33
0,1,1,4.0,0,2.0,0,0,0,7,3,0,0,9,712,4.22,2,1,1,3.22,1237,1007,1040
1,1,1,3.5,0,2.0,3,6,6,15,0,0,2,13,504,3.38,0,0,0,3.46,42,14,16
0,1,1,3.5,0,0.0,3,6,6,23,4,0,0,20,791,3.6,1,1,1,3.2,284,182,195
1,1,1,3.5,0,0.0,8,16,16,4,0,1,1,3,342,3.33,1,0,0,3.33,5,1,1
1,1,1,4.0,0,2.0,56,112,112,122,13,1,15,113,690,3.9,1,0,0,3.35,156,76,75
1,1,1,4.5,0,2.0,92,184,184,450,32,17,135,423,654,4.48,1,0,0,3.43,124,73,69
1,1,1,5.0,0,0.0,0,0,0,4,0,0,3,4,423,4.75,0,0,0,4,34,5,4
1,1,1,3.5,0,2.0,5,10,10,21,0,1,8,20,644,3.45,1,0,0,3.4,100,21,31
0,1,1,3.5,0,2.0,0,0,0,8,0,0,0,8,496,3.62,1,0,0,3.12,160,50,61
1,1,1,4.5,0,2.0,0,0,0,3,0,0,1,3,365,4.33,1,0,0,3.33,22,5,3
0,1,1,4.0,0,4.0,0,0,0,19,3,0,0,21,582,4.1,1,0,0,3.33,157,76,109
0,1,1,4.5,0,1.0,37,74,74,60,4,0,2,55,615,4.45,1,0,0,3.36,243,129,142
1,1,1,3.0,0,0.0,23,46,46,35,5,0,7,33,746,3.06,1,0,0,3.15,227,146,155
1,1,1,3.5,0,0.0,33,66,66,52,15,1,13,51,651,3.45,1,0,1,3.51,140,66,71
0,1,1,4.0,0,1.0,0,0,0,5,1,0,0,4,330,4.25,1,1,0,3,73,42,37
1,1,1,4.5,0,2.0,8,16,16,9,2,0,4,8,350,4.38,2,1,1,3.38,484,376,390
1,1,1,2.0,0,3.0,0,0,0,4,1,0,0,4,1253,1.75,2,0,1,2.75,662,431,476
0,1,1,4.5,0,2.0,0,0,0,5,0,0,1,5,829,4.6,1,0,1,3.8,56,17,18
1,1,1,4.0,0,0.0,60,120,120,88,24,0,8,81,549,4.06,1,0,0,3.21,248,133,134
1,1,1,1.0,0,4.0,0,0,0,4,1,0,0,3,294,1,2,1,2,2.33,845,570,626
1,1,1,3.5,0,1.0,3,6,6,7,0,0,0,6,1218,3.67,2,0,0,3.17,155,32,37
1,1,1,4.0,0,1.0,50,100,100,47,7,0,9,44,611,3.89,1,0,0,3.23,141,49,45
1,1,1,5.0,0,1.0,53,106,106,14,2,0,3,14,494,4.79,1,0,0,3.21,183,74,64
1,1,1,4.5,0,0.0,22,44,44,4,0,0,1,4,577,4.5,1,0,0,3.25,118,42,31
0,1,1,3.5,0,0.0,49,98,98,14,4,0,0,14,713,3.64,1,0,0,3.21,297,114,122
1,1,1,4.0,0,3.0,0,0,0,20,0,0,1,20,701,4.05,1,0,0,3.45,26,7,8
1,1,1,4.5,0,1.0,0,0,0,10,1,0,5,10,850,4.4,1,0,0,3.9,80,22,39
1,1,1,3.5,0,2.0,23,46,46,3,1,0,2,3,246,3.67,0,0,0,3.33,246,159,193
1,1,1,4.0,0,1.0,0,0,0,3,0,0,2,3,519,4,0,0,0,3.33,18,4,2
1,1,1,3.5,0,2.0,9,18,18,36,0,0,5,35,571,3.6,1,0,0,3.23,61,10,19
1,1,1,3.5,0,4.0,4,8,8,3,1,0,0,3,842,3.67,0,1,0,3.33,256,101,146
1,1,1,5.0,0,3.0,4,8,8,21,1,0,2,19,525,4.74,0,0,0,3.58,45,16,24
1,1,1,1.5,0,1.0,0,0,0,5,1,0,1,5,703,1.6,2,0,1,2.6,127,51,83
1,1,1,3.0,0,0.0,36,72,72,12,3,0,1,10,561,3.2,1,1,1,2.9,171,93,103
1,1,1,3.5,0,1.0,27,54,54,19,7,0,2,16,553,3.75,1,0,0,3.19,463,241,227
1,1,1,1.5,0,2.0,3,6,6,4,0,0,1,4,197,1.5,1,0,1,2.75,15,4,9
0,1,1,3.0,0,2.0,3,6,6,33,3,0,0,31,1386,2.84,1,0,0,3.06,211,127,136
0,1,1,2.5,0,0.0,0,0,0,8,0,0,0,8,839,2.38,2,0,0,3.12,143,45,74
0,1,1,3.5,0,2.0,0,0,0,26,3,0,0,30,947,3.57,1,0,1,3.2,246,130,154
0,1,1,3.0,0,3.0,6,12,12,16,1,0,1,15,652,3.07,1,0,0,3.07,92,27,43
1,1,1,3.5,0,1.0,4,8,8,10,0,0,2,9,328,3.56,0,0,1,3.22,19,3,4
1,1,1,2.5,0,1.0,0,0,0,7,1,0,3,7,701,2.29,1,0,0,2.57,148,25,34
0,1,1,4.5,0,2.0,4,8,8,6,2,0,0,8,427,4.25,1,0,0,3.38,256,82,137
1,1,1,1.5,0,4.0,5,10,10,3,0,0,0,3,310,1.67,1,1,1,2.33,50,6,19
1,1,1,4.5,0,2.0,5,10,10,7,2,0,3,6,491,4.5,0,0,0,3,247,70,72
1,1,1,1.0,0,2.0,0,0,0,7,0,0,3,7,1124,1,2,0,0,2,55,7,8
1,1,1,3.5,0,3.0,0,0,0,7,0,0,1,6,456,3.17,2,0,0,3.17,14,1,9
1,1,0,4.0,0,2.0,0,0,0,4,0,1,3,4,1156,4,0,0,0,3.5,11,3,1
1,1,1,4.5,0,4.0,0,0,0,6,0,0,3,6,916,4.33,0,0,0,4,2,1,1
1,1,1,2.5,0,2.0,6,12,12,3,0,0,0,1,188,2,0,0,0,3,5,0,1
1,1,1,3.5,0,4.0,0,0,0,3,0,0,2,3,285,3.67,0,0,0,2.67,32,4,9
1,1,1,3.0,0,4.0,68,136,136,40,7,3,12,40,770,2.98,1,0,0,3.02,182,77,86
1,1,1,2.0,0,4.0,0,0,0,3,1,0,0,2,589,1.5,0,0,0,3,806,314,304
1,1,1,4.0,0,2.0,11,22,22,9,0,0,2,8,531,4.12,2,0,1,3.12,64,18,30
1,1,1,3.5,0,0.0,0,0,0,4,0,0,2,4,777,3.25,1,0,0,3.75,18,4,2
1,1,1,4.5,0,3.0,0,0,0,4,0,0,3,4,218,4.5,0,0,0,4,10,1,0
1,1,1,3.0,0,2.0,0,0,0,4,0,0,0,4,392,2.75,0,0,0,2.75,49,9,16
1,1,1,3.0,0,3.0,27,54,54,7,3,0,3,7,280,3,1,0,0,3,291,118,135
1,1,1,4.0,0,2.0,0,0,0,6,0,0,2,6,835,4.17,1,0,0,3.5,17,2,1
1,1,0,5.0,0,3.0,0,0,0,9,0,0,3,9,1015,4.89,0,0,0,4,11,2,2
0,1,1,4.0,0,1.0,15,30,30,6,3,0,3,7,475,4.29,0,0,0,3.43,219,100,57
1,1,1,3.0,0,4.0,0,0,0,4,0,0,3,4,478,2.75,0,0,0,3,2,1,0
1,1,1,3.0,0,0.0,16,32,32,3,0,0,3,3,250,3,0,0,0,3,5,1,1
0,1,1,5.0,0,3.0,0,0,0,5,1,0,2,5,504,5,1,0,1,3,727,594,614
1,1,1,2.5,0,5.0,10,20,20,10,2,0,3,12,747,2.67,1,0,0,3.08,143,26,46
1,1,1,2.5,0,4.0,25,50,50,8,5,0,4,8,698,2.5,1,0,0,3.12,419,148,164
1,1,1,3.5,0,0.0,20,40,40,9,3,0,2,9,480,3.33,0,0,0,3.11,224,89,107
1,1,1,3.5,0,5.0,0,0,0,3,0,0,1,3,560,3.67,1,0,0,3.33,33,4,12
1,1,1,2.5,0,1.0,5,10,10,5,0,0,1,4,1320,2.25,2,0,1,3.75,42,8,10
1,1,1,3.0,0,6.0,0,0,0,12,4,0,1,10,616,3.5,2,0,1,3.1,592,388,439
1,1,1,1.0,0,2.0,13,26,26,4,0,0,1,4,873,1,1,0,3,2.75,118,25,96
1,1,1,5.0,0,3.0,0,0,0,3,0,0,1,3,314,5,0,0,0,4.67,4,1,1
1,1,1,1.0,0,3.0,0,0,0,4,0,1,3,4,904,1,2,0,1,1.25,3,0,2
0,1,1,3.0,0,0.0,0,0,0,18,4,0,0,18,712,3.11,1,0,1,3.17,160,68,59
1,1,1,1.5,0,1.0,5,10,10,3,0,1,1,3,194,1.67,1,0,0,3,51,8,12
1,1,1,2.0,0,3.0,30,60,60,3,0,0,0,2,859,1.5,1,0,1,3.5,111,32,48
1,1,1,3.5,0,0.0,89,178,178,18,3,1,7,15,304,3.53,0,0,0,3.4,206,131,99
1,1,1,2.5,0,2.0,0,0,0,5,0,0,0,3,573,2.33,0,0,0,3,54,16,12
1,1,1,2.5,0,1.0,0,0,0,6,0,0,1,5,456,2.8,0,0,0,3.2,246,48,63
1,1,1,3.0,0,3.0,11,22,22,5,1,0,0,2,511,3.5,1,1,0,3.5,904,601,302
1,1,1,3.5,0,1.0,0,0,0,4,0,0,2,3,935,3.67,0,0,0,2.33,21,2,0
0,1,1,5.0,0,5.0,0,0,0,8,1,0,0,8,855,4.75,1,1,0,3.25,219,119,173
1,1,1,4.5,0,0.0,0,0,0,3,1,0,0,3,845,4.33,1,0,0,3,246,91,95
1,1,1,5.0,0,3.0,0,0,0,3,0,0,2,3,605,5,0,0,0,4.33,15,2,2
0,1,1,4.0,0,3.0,0,0,0,8,0,0,0,8,526,3.75,0,0,0,3.12,24,7,10
0,1,1,3.5,0,0.0,0,0,0,3,0,0,0,3,185,3.33,1,0,1,3,56,10,13
0,1,1,3.0,0,3.0,0,0,0,10,0,0,0,13,758,3.38,0,0,0,3.08,84,13,24
1,1,1,3.5,0,2.0,3,6,6,15,1,0,4,15,670,3.4,0,0,0,3.33,66,34,42
1,1,1,4.5,0,1.0,60,120,120,167,22,5,45,155,740,4.39,1,0,0,3.35,104,44,41
0,1,1,4.0,0,0.0,26,52,52,25,3,0,0,28,424,3.93,1,0,0,3.11,189,124,129
1,1,1,3.5,0,1.0,45,90,90,17,2,0,3,15,601,3.2,1,0,1,3.27,187,73,88
1,1,1,4.0,0,3.0,3,6,6,14,0,0,4,13,468,3.85,0,0,0,3.54,21,4,4
1,1,1,3.0,0,1.0,9,18,18,41,1,0,12,36,561,2.92,1,0,0,3.06,65,26,28
1,1,1,3.5,0,0.0,34,68,68,41,4,1,8,37,541,3.59,1,0,0,3.35,139,94,96
0,1,1,4.0,0,0.0,7,14,14,13,4,0,0,13,745,4.23,1,0,0,3.38,175,89,86
1,1,1,5.0,0,2.0,0,0,0,11,1,0,7,11,645,4.91,1,0,0,4.09,71,17,43
0,1,1,3.5,0,0.0,12,24,24,22,1,0,0,20,756,3.55,1,0,0,3.2,51,15,17
1,1,1,4.0,0,5.0,0,0,0,5,0,0,2,5,1047,3.8,1,0,0,3.4,48,11,16
1,1,1,3.0,0,0.0,35,70,70,43,1,1,10,37,596,3.35,1,0,0,3.11,52,16,19
0,1,1,4.0,0,0.0,31,62,62,34,5,0,0,33,802,4.06,1,0,0,3.36,183,110,113
1,1,1,4.5,0,3.0,9,18,18,4,0,0,0,3,282,4.67,1,0,0,3,49,11,12
0,1,1,4.0,0,1.0,13,26,26,18,3,0,0,18,489,3.89,1,0,0,3.33,111,31,29
1,1,1,5.0,0,1.0,0,0,0,4,1,0,3,4,752,5,1,0,0,4,64,20,18
1,1,1,5.0,0,5.0,0,0,0,3,0,0,0,2,105,5,0,0,0,4,6,1,2
1,1,1,5.0,0,1.0,0,0,0,10,1,0,4,11,465,4.73,0,0,0,3.27,67,24,38
1,1,1,2.0,0,2.0,5,10,10,7,0,0,0,7,847,2.14,0,0,0,2.86,44,13,11
1,1,1,3.5,0,2.0,77,154,154,218,37,7,76,200,826,3.71,1,0,0,3.26,181,100,88
1,1,1,4.5,0,1.0,17,34,34,3,0,0,2,3,281,4.67,0,0,0,3.33,39,9,13
0,1,1,2.0,0,0.0,3,6,6,13,2,0,0,10,1253,2,0,0,0,2.7,100,20,20
1,1,0,5.0,0,1.0,0,0,0,3,0,0,2,3,431,5,0,0,0,4.33,17,5,6
1,1,1,1.5,0,2.0,0,0,0,5,1,0,0,4,1270,1.75,1,1,0,2.75,1788,1553,1313
0,1,1,3.0,0,0.0,0,0,0,7,1,0,1,6,932,2.5,1,0,0,3.17,151,38,44
1,1,1,4.5,0,1.0,16,32,32,4,3,0,0,3,1251,4.33,2,1,0,3,700,368,564
1,1,1,3.0,0,2.0,15,30,30,10,2,0,3,8,493,3.5,0,0,0,2.88,191,76,92
1,1,1,4.0,0,1.0,34,68,68,26,4,0,8,22,700,4.14,2,1,0,3.23,318,206,204
1,1,1,2.0,0,2.0,17,34,34,19,1,0,8,20,609,2.3,1,0,0,3.05,92,20,32
1,1,1,3.0,0,0.0,19,38,38,31,3,1,10,29,614,2.79,0,0,0,2.97,117,61,65
1,1,1,3.0,0,0.0,0,0,0,11,1,0,1,10,526,3.2,1,0,0,2.9,43,20,20
1,1,1,4.5,0,1.0,3,6,6,17,0,0,8,14,323,4.71,1,0,0,4,20,3,4
1,1,1,5.0,0,1.0,0,0,0,10,2,1,2,8,350,5,0,0,0,4,73,26,19
1,1,0,3.5,0,2.0,0,0,0,6,0,1,3,6,1198,3.33,1,0,0,3.5,13,1,2
1,1,1,2.5,0,4.0,11,22,22,6,3,0,3,7,879,2.43,0,0,0,3,286,65,91
1,1,1,3.5,0,1.0,25,50,50,21,5,0,7,21,523,3.67,1,0,0,3.19,138,66,63
1,1,1,4.5,0,1.0,82,164,164,235,14,7,81,211,481,4.55,0,0,0,3.48,59,22,22
1,1,1,5.0,0,2.0,0,0,0,3,0,0,2,2,538,5,0,0,0,4.5,4,1,1
0,1,1,2.0,0,0.0,4,8,8,12,2,0,0,11,753,1.73,1,0,0,3.09,116,64,59
1,1,1,3.5,0,2.0,27,54,54,18,2,0,6,18,635,3.5,0,0,0,3,128,39,33
0,1,1,3.5,0,2.0,25,50,50,19,3,0,0,19,786,3.53,0,0,0,3.05,80,24,21
1,1,1,3.5,0,2.0,42,84,84,68,6,0,23,65,760,3.54,1,0,0,3.11,116,46,36
1,1,1,3.5,0,2.0,35,70,70,32,3,1,5,27,861,3.52,1,1,1,3.48,407,317,256
1,1,1,4.0,0,2.0,14,28,28,12,1,0,3,11,593,3.73,0,0,0,3.45,131,47,31
1,1,1,4.5,0,1.0,0,0,0,8,0,0,1,8,465,4.38,1,0,0,4,14,5,6
1,1,1,5.0,0,2.0,0,0,0,5,1,0,1,4,228,5,0,0,0,3,62,12,12
1,1,1,4.5,0,0.0,54,108,108,66,8,3,36,61,422,4.25,0,0,0,3.49,51,20,19
1,1,1,3.0,0,1.0,0,0,0,3,3,0,0,4,378,3,1,0,0,3.25,301,58,106
1,1,1,4.5,0,3.0,52,104,104,53,2,2,24,48,506,4.48,1,0,0,3.5,35,8,15
1,1,1,3.5,0,2.0,53,106,106,79,6,3,29,80,651,3.61,1,0,0,3.29,63,19,23
1,1,1,3.5,0,0.0,20,40,40,4,1,0,1,3,569,3,2,2,2,3.33,2326,2049,1740
1,1,1,5.0,0,3.0,0,0,0,3,0,0,2,2,686,5,0,0,0,5,1,0,0
1,1,1,2.0,0,5.0,0,0,0,6,0,0,0,5,1901,2,1,0,0,3,15,4,5
1,1,1,3.5,0,1.0,14,28,28,28,2,1,9,26,542,3.69,1,0,0,3.19,95,23,39
1,1,1,2.5,0,5.0,12,24,24,3,1,0,1,3,789,2.67,1,0,0,2.33,200,34,62
1,1,1,4.5,0,4.0,0,0,0,15,0,1,4,15,551,4.47,1,0,0,3.6,18,6,4
1,1,1,2.5,0,4.0,0,0,0,4,1,0,1,3,550,2.67,0,0,1,2.67,175,30,59
1,1,1,5.0,0,1.0,0,0,0,7,0,0,2,7,477,5,2,0,0,3.71,29,9,8
1,1,1,4.0,0,2.0,22,44,44,24,1,2,16,22,491,3.64,1,0,0,3.09,33,7,9
1,1,1,3.5,0,2.0,57,114,114,136,18,3,56,123,846,3.71,1,0,0,3.28,164,83,76
1,1,1,4.5,0,2.0,17,34,34,16,1,0,7,14,290,4.29,1,0,0,3.5,45,13,14
1,1,1,4.5,0,5.0,26,52,52,19,0,3,8,20,490,4.3,1,0,0,3.3,28,5,6
1,1,1,4.5,0,1.0,0,0,0,6,0,0,3,6,779,4.33,1,0,0,3.67,10,1,0
1,1,1,4.5,0,1.0,35,70,70,27,5,0,11,22,502,4.45,0,0,0,3.55,85,35,35
1,1,1,3.5,0,0.0,10,20,20,6,2,0,5,6,538,3.33,0,0,0,3,99,35,42
1,1,1,3.0,0,1.0,0,0,0,5,0,0,0,2,525,3,1,0,0,4,38,5,16
1,1,1,4.5,0,2.0,0,0,0,31,0,2,14,30,470,4.73,1,0,0,3.7,34,9,10
1,1,1,5.0,0,3.0,0,0,0,6,0,1,4,6,475,5,0,0,0,3,9,1,1
1,1,1,3.5,0,1.0,0,0,0,3,1,0,2,2,230,4,0,0,0,3,112,34,33
1,1,1,4.5,0,2.0,0,0,0,5,3,0,1,5,1811,4.4,1,0,0,3,259,64,84
1,1,1,3.0,0,2.0,30,60,60,64,6,3,30,55,637,3.22,1,0,0,3.13,193,102,97
1,1,1,3.5,0,4.0,25,50,50,16,2,0,8,15,527,3.27,0,0,0,3.33,62,34,40
1,1,1,5.0,0,2.0,0,0,0,3,0,0,3,3,229,5,0,0,0,4,15,2,2
1,1,1,3.0,0,3.0,26,52,52,25,1,1,8,24,645,3.17,1,0,0,3.04,46,9,14
1,1,1,4.0,0,1.0,21,42,42,17,2,0,4,15,705,3.93,1,1,0,3.2,94,37,26
1,1,1,4.0,0,2.0,0,0,0,4,0,1,2,4,274,3.75,1,0,0,3,15,7,7
1,1,1,3.5,0,4.0,5,10,10,4,1,0,1,4,1461,3.5,1,0,0,3.25,92,28,43
1,1,1,3.0,0,1.0,31,62,62,17,0,0,6,16,622,2.69,1,0,0,2.69,25,6,9
1,1,1,4.0,0,1.0,32,64,64,30,1,3,17,27,417,4,1,0,0,3.19,30,8,11
1,1,1,1.0,0,2.0,4,8,8,3,2,0,3,4,446,1.5,1,0,1,3,350,235,288
1,1,1,2.0,0,0.0,19,38,38,8,1,0,4,7,388,2.14,1,0,0,2.71,107,69,84
1,1,1,4.0,0,1.0,0,0,0,4,0,1,3,4,311,4,0,0,0,3.25,7,1,1
1,1,0,4.0,0,0.0,0,0,0,3,0,0,0,2,263,5,1,0,0,3.5,3,1,2
1,1,1,3.5,0,3.0,14,28,28,6,0,1,5,6,454,3.5,1,1,0,3.17,87,15,26
1,1,1,4.0,0,4.0,18,36,36,16,2,0,10,15,731,4.13,0,0,0,3.47,139,63,37
1,1,1,2.5,0,1.0,10,20,20,15,0,0,7,14,531,2.43,2,0,1,2.86,43,9,29
1,1,1,3.5,0,0.0,5,10,10,13,1,0,6,12,483,3.58,1,0,0,3.33,98,45,54
0,1,1,2.5,0,0.0,0,0,0,11,0,0,1,12,431,2.92,2,1,0,3,15,3,3
1,1,1,4.5,0,5.0,0,0,0,3,1,0,1,2,231,5,1,0,0,3.5,260,46,85
1,1,1,4.0,0,0.0,0,0,0,3,1,0,2,3,296,4,0,0,0,3.67,50,25,20
1,1,1,4.5,0,3.0,10,20,20,7,0,1,7,8,538,4.12,1,0,0,4.5,5,1,1
1,1,1,4.5,0,1.0,0,0,0,5,1,0,4,5,487,4.6,0,0,0,3.2,58,15,14
1,1,1,4.0,0,1.0,0,0,0,5,0,0,3,5,718,3.8,0,0,0,4.2,10,2,2
1,1,1,5.0,0,2.0,8,16,16,16,0,2,12,15,416,5,0,0,0,3.8,6,1,1
1,1,1,2.5,0,4.0,0,0,0,13,1,0,7,10,776,2.6,1,0,0,2.9,67,20,34
1,1,0,3.0,0,1.0,0,0,0,5,0,0,4,5,226,3,2,0,0,2.8,11,1,2
1,1,1,3.5,0,1.0,0,0,0,5,1,0,2,3,1666,3.67,1,0,0,3,56,20,19
1,1,0,4.5,0,1.0,0,0,0,11,1,0,10,11,380,4.27,1,0,0,3.82,67,43,52
1,1,1,3.0,0,0.0,0,0,0,5,0,0,3,5,563,3.2,1,0,0,3.6,28,11,7
1,1,1,3.5,0,0.0,23,46,46,25,1,2,17,21,533,3.48,1,0,0,3.1,47,25,31
1,1,1,5.0,0,5.0,0,0,0,4,0,0,4,4,441,5,1,0,0,4.5,11,2,1
1,1,1,4.0,0,2.0,39,78,78,54,3,2,33,51,533,4.12,0,0,0,3.35,49,11,13
1,1,1,4.5,0,2.0,53,106,106,21,2,1,17,20,644,4.25,1,0,0,3.6,229,166,173
1,1,1,4.0,0,2.0,0,0,0,3,0,0,1,2,352,4,0,0,0,3,9,1,2
1,1,1,4.5,0,2.0,0,0,0,3,0,0,2,3,289,4.67,0,0,0,3.67,2,1,0
1,1,1,5.0,0,1.0,0,0,0,4,0,0,0,4,238,5,1,0,0,5,2,0,0
0,1,1,4.5,0,2.0,9,18,18,7,0,0,8,8,865,4.12,1,1,0,2.88,53,8,15
1,1,1,4.0,0,5.0,17,34,34,5,1,1,4,4,568,4,2,0,0,2.5,337,164,93
0,1,1,4.0,0,1.0,0,0,0,9,0,0,3,10,643,4,1,0,0,3.3,94,21,74
1,1,1,4.5,0,0.0,82,164,164,87,5,10,70,79,631,4.33,1,0,0,3.51,55,26,27
1,1,1,3.5,0,0.0,0,0,0,3,0,0,3,3,258,3.33,0,0,0,3.67,5,0,1
1,1,1,3.0,0,2.0,13,26,26,36,1,1,35,36,910,2.92,1,0,0,3.25,34,17,19
1,1,1,5.0,0,1.0,0,0,0,19,1,2,16,16,204,4.88,1,0,0,4.31,12,7,6
1,1,1,3.5,0,1.0,22,44,44,3,1,0,3,3,273,3.67,2,0,1,3.33,546,307,281
1,1,1,5.0,0,6.0,0,0,0,3,0,0,3,3,561,5,0,0,0,3.67,3,0,0
1,1,1,5.0,0,1.0,0,0,0,5,0,0,5,5,410,5,1,1,1,3.4,26,6,8
1,1,1,5.0,0,1.0,0,0,0,5,0,0,5,5,955,4.8,0,0,0,3.8,10,4,9
1,1,1,3.5,0,1.0,24,48,48,36,0,2,31,31,743,3.48,1,0,0,3.19,25,5,8
1,1,0,5.0,0,1.0,0,0,0,3,0,0,3,3,190,5,0,0,0,4.67,4,0,0
1,1,1,3.0,0,2.0,0,0,0,6,0,0,7,7,775,2.71,5,2,5,3.29,39,13,85
1,1,1,4.5,0,1.0,0,0,0,3,0,0,3,3,248,4.67,2,0,0,4.33,4,0,0
1,1,1,4.0,0,0.0,6,12,12,9,0,3,8,8,782,3.75,1,0,1,3.5,37,6,17
1,1,1,3.5,0,2.0,0,0,0,3,0,0,2,2,1221,3,0,0,0,3,31,3,5
1,1,1,4.0,0,1.0,9,18,18,9,1,1,9,9,481,3.78,1,0,0,3.44,81,52,63
1,1,1,2.0,0,1.0,25,50,50,17,0,0,15,15,603,1.73,2,0,1,2.8,17,4,6
1,1,1,4.0,0,2.0,16,32,32,20,0,2,18,18,392,4,0,0,0,3.22,56,10,19
1,1,1,3.5,0,1.0,15,30,30,14,0,5,14,14,694,3.36,1,0,0,3.57,12,3,3
1,1,1,5.0,0,2.0,0,0,0,4,0,0,4,4,1170,5,0,0,0,4.5,7,2,2
1,1,1,4.0,0,2.0,5,10,10,7,1,1,6,6,555,4.17,0,0,0,3,152,59,80
1,1,1,5.0,0,2.0,0,0,0,3,0,1,2,2,279,5,0,0,0,4,1,0,1
1,1,1,4.0,0,0.0,3,6,6,3,0,1,3,3,713,3.67,0,0,0,2.33,28,11,16
1,1,0,5.0,0,0.0,0,0,0,3,0,0,3,3,342,5,1,0,0,4,9,2,2
1,1,1,4.0,0,2.0,23,46,46,16,0,1,13,13,562,3.92,1,0,0,3.54,60,14,53
1,1,1,3.5,0,0.0,14,28,28,6,0,2,7,7,314,3.29,0,0,0,2.57,16,5,7
1,1,1,2.0,0,0.0,7,14,14,21,2,2,16,16,1220,1.88,2,1,1,2.69,64,35,42
1,1,1,4.0,0,2.0,3,6,6,10,0,4,6,6,322,4.83,1,0,0,3.5,19,3,4
1,1,1,3.5,0,0.0,4,8,8,5,0,5,5,5,408,3.4,0,0,0,3.2,9,3,2

